,Country,Human Development Index (HDI),Inequality-adjusted HDI (IHDI),Overall loss (%),Difference from HDI rank,Coefficient of human inequality nan,Inequality in life expectancy (%),Inequality-adjusted life expectancy index,Inequality in education (%),Inequality-adjusted education index,Inequality in income (%),Inequality-adjusted income index,Income shares held by (%) Poorest 40 percent,Richest 10 percent, Richest 1 percent,Gini coefficient,Level of human development,Life expectancy at birth,Expected years of schooling,Mean years of schooling,Gross national income (GNI) per capita,GNI per capita rank minus HDI rank,HDI rank,kg meat/person,cal,has_uhc
179,Afghanistan,0.478,-99.9,-99.9,-99.9,-99.9,26.16536713,0.4768853986156136,45.36517,0.21013053353442374,-99.9,-99.9,-99.9,-99.9,15.25,-99.9,Low,61.9824,10.26384398,2.98506999,1824.190915,-2.0,177.0,-99.9,2040.0,0.0
80,Moldova,0.767,0.711,7.301173402868322,16.0,7.297466136333333,8.885082245,0.6847061786413776,2.570094084,0.7745382013793525,10.43722208,0.6767582724778284,24.1,22.0,9.81,26.0,High,68.8459,14.43299961,11.82159042,14875.33189,-1.0,81.0,38.12,2383.0,0.0
192,Monaco,-99.9,-99.9,-99.9,-99.9,-99.9,3.428432703,0.96571567297,-99.9,-99.9,-99.9,-99.9,-99.9,-99.9,-99.9,-99.9,n/a,85.9463,-99.9,-99.9,-99.9,-99.9,-99.9,-99.9,-99.9,0.0
95,Mongolia,0.739,0.644,12.855209742895802,10.0,12.725367453333334,9.34619236,0.7109406316880085,11.88363,0.6434646503250198,16.94628,0.584923525406778,20.2,25.7,16.54,32.7,High,70.9754,14.98034954,9.423700333,10588.22532,9.0,90.0,88.38,2579.0,0.0
48,Montenegro,0.832,0.756,9.134615384615374,2.0,9.010792995666668,2.293318987,0.8469305300989315,7.81501,0.7603568903026322,16.92405,0.6700467837395281,16.8,26.0,9.69,36.8,Very high,76.3426,15.08160973,12.17648306,20838.80129,16.0,52.0,73.01,3500.0,0.0
184,Mozambique,0.446,0.3,32.735426008968616,0.0,32.40842271,28.29929733,0.4337859418902998,40.5314308,0.23219704055383128,28.39454,0.26860406907069595,11.8,45.5,31.11,54.0,Low,59.3247,10.2191516,3.197641838,1198.073924,2.0,184.0,9.39,2103.0,0.0
148,Myanmar,0.585,-99.9,-99.9,-99.9,-99.9,21.22284508,0.553519801329888,26.85272,0.37714123114593046,-99.9,-99.9,21.9,25.5,17.09,30.7,Medium,65.6716,10.90913752,6.37680006,3850.524234,5.0,145.0,58.25,2673.0,0.0
138,Namibia,0.615,0.402,34.63414634146341,-10.0,32.839454753333335,19.91711426,0.48381151386523996,25.01567,0.4281943266610841,53.58558,0.31257421608710867,8.6,47.3,21.57,59.1,Medium,59.269,11.92720692,7.192013277,8633.504452,-23.0,134.0,30.53,2469.0,0.0
193,Nauru,-99.9,-99.9,-99.9,-99.9,-99.9,13.45940208,0.580714039919483,-99.9,-99.9,-99.9,-99.9,19.4,27.3,-99.9,34.8,n/a,63.617,11.69042029,-99.9,17729.74084,-99.9,-99.9,-99.9,-99.9,0.0
142,Nepal,0.602,0.449,25.415282392026572,0.0,24.319128766666665,15.5418663,0.6295314382612538,41.0992,0.3114069070531179,16.31632,0.46236973405313253,20.4,26.4,13.89,32.8,Medium,68.4495,12.88694954,5.121792742,3877.315444,10.0,144.0,13.55,2769.0,0.0
125,Nicaragua,0.667,0.516,22.638680659670165,1.0,22.121228755333334,9.870848656,0.746502322319486,25.79903661,0.43725304124819775,30.693801,0.4218805253627342,14.3,37.2,20.75,46.2,Medium,73.8368,12.64135783,7.144,5624.793595,6.0,129.0,30.82,2582.0,0.0
188,Niger,0.4,0.292,27.000000000000014,2.0,26.710599860000002,28.73307037,0.45584849944242606,34.96483,0.17156951225208472,16.43389921,0.31779876550126823,19.0,31.1,11.6,37.3,Low,61.5763,6.957111988,2.116717299,1239.866936,-3.0,189.0,12.75,2601.0,0.0
163,Nigeria,0.535,0.341,36.26168224299066,-7.0,36.024417029999995,39.60649109,0.3036028149451015,40.41507,0.3102533159545849,28.05169,0.4205098420191029,18.7,26.7,11.59,35.1,Low,52.676,10.12758388,7.181074153,4790.284425,-22.0,163.0,7.15,2572.0,0.0
53,Oman,0.816,0.708,13.235294117647056,-7.0,13.048904525333334,7.109055996,0.7508532203902403,11.94880067,0.6984988777843252,20.08885691,0.6760301692650152,-99.9,-99.9,19.57,-99.9,Very high,72.5406,14.57349014,11.65404034,27054.32505,-2.0,51.0,43.34,2940.0,0.0
81,Palau,0.767,-99.9,-99.9,-99.9,-99.9,12.47459698,0.6196852395602473,2.180765728,0.8361923991608227,-99.9,-99.9,-99.9,-99.9,-99.9,-99.9,High,66.0204,15.78432,12.49143,13818.67869,5.0,80.0,-99.9,-99.9,0.0
105,"Palestine, State of",0.715,0.584,18.321678321678327,-4.0,17.621487113333334,10.249897,0.7383354357981693,10.97456434,0.6252599277919322,31.64,0.4323629645540165,19.2,25.2,17.93,33.7,High,73.4727,13.35801029,9.938480377,6582.899416,21.0,109.0,-99.9,-99.9,0.0
133,Micronesia (Federated States of),0.628,-99.9,-99.9,-99.9,-99.9,13.9006424,0.6717074498301538,-99.9,-99.9,26.38098943,0.40143972607134604,16.2,29.7,-99.9,40.1,Medium,70.71,11.54947988,7.804956,3696.173945,22.0,136.0,-99.9,-99.9,0.0
157,Mauritania,0.556,0.389,30.035971223021583,-2.0,29.02167278666667,25.73825836,0.5068489540646622,43.98689,0.23772470393749795,17.33987,0.4903329523576545,19.9,24.9,10.75,32.6,Medium,64.3636,9.376159668,4.918804891,5075.305711,-20.0,158.0,31.06,2877.0,0.0
130,Marshall Islands,0.639,-99.9,-99.9,-99.9,-99.9,17.46094704,0.574837520097792,4.779338113,0.6162651436433492,-99.9,-99.9,18.9,27.5,-99.9,35.5,Medium,65.2688,10.2393198,10.88313961,4619.535393,12.0,131.0,-99.9,-99.9,0.0
22,Malta,0.918,0.849,7.516339869281053,2.0,7.425981436,3.227544308,0.949514958372787,5.19238,0.8293265512111286,13.85802,0.775943239282194,21.2,24.8,9.14,31.0,Very high,83.7769,16.83856964,12.21026039,38884.45623,12.0,26.0,82.06,3420.0,0.0
102,Jordan,0.72,0.617,14.30555555555555,7.0,14.205103180333333,9.261599541,0.7574045964344064,15.44186,0.5445209695542346,17.91185,0.5700862797510221,20.3,27.5,17.51,33.7,High,74.2563,10.64655972,10.44668007,9923.714974,8.0,104.0,37.91,2732.0,0.0
55,Kazakhstan,0.811,0.755,6.9050554870530245,5.0,6.925083065333333,7.268719196,0.7042184660466475,3.16666,0.8226012301171752,10.33987,0.7419569342943365,23.3,23.4,15.4,27.8,Very high,69.3622,15.76500034,12.34756189,23942.81837,1.0,59.0,64.89,3067.0,0.0
151,Kenya,0.575,0.426,25.913043478260867,3.0,25.685084096666667,21.01152229,0.5034239486295646,22.89552,0.40010710541066885,33.14821,0.3838151001327018,16.5,31.6,15.19,40.8,Medium,61.427,10.69855835,6.652,4473.570344,-6.0,150.0,15.94,2197.0,0.0
135,Kiribati,0.624,0.516,17.307692307692303,8.0,17.154097046666667,22.46889114,0.5655858607748294,9.63653,0.5367426255494003,19.35687,0.45125603598761316,23.0,22.9,-99.9,27.8,Medium,67.4172,11.801993,7.984461822,4062.586034,14.0,137.0,29.96,3078.0,0.0
118,Kyrgyzstan,0.692,0.627,9.393063583815021,23.0,9.226713036666666,10.48529911,0.688263386501521,3.36425,0.720586663133972,13.83059,0.49739364488594195,22.5,24.0,18.43,29.0,Medium,69.9774,13.1953001,11.37410556,4566.303831,26.0,121.0,30.46,2729.0,0.0
139,Laos,0.607,0.459,24.382207578253702,1.0,24.176819976666668,20.62915993,0.5868655492978856,31.31796,0.31641263147439785,20.58334,0.5210911898479245,17.8,31.2,20.14,38.8,Medium,68.0608,10.13611031,5.374,7699.579617,-18.0,142.0,30.41,2758.0,0.0
38,Latvia,0.863,0.792,8.227114716106598,2.0,7.961744167333333,4.207252502,0.7896063540148219,2.22774,0.8719600043321475,17.45024,0.722378752488224,19.3,26.6,9.13,34.5,Very high,73.5786,16.20252991,13.25271988,32803.23423,4.0,37.0,68.73,3229.0,0.0
60,Panama,0.805,0.64,20.496894409937894,-19.0,19.603252106666666,10.8678236,0.7709700143677107,11.37222672,0.6328659908111592,36.569706,0.5362600339890345,11.7,38.0,20.75,49.8,Very high,76.2233,13.05787868,10.54059029,26956.83707,-8.0,67.0,65.02,2851.0,0.0
112,Lebanon,0.706,-99.9,-99.9,-99.9,-99.9,5.557227612,0.7998169507994944,6.177,0.5668012454232222,-99.9,-99.9,20.6,24.8,21.04,31.8,High,75.0472,11.28587,8.718636,9525.831467,-1.0,103.0,23.97,2857.0,0.0
177,Liberia,0.481,0.33,31.392931392931388,2.0,30.66384255,30.12607765,0.43802564442768005,42.11968,0.26559332975953065,19.74577,0.3098908767184587,18.8,27.1,12.2,35.3,Low,60.7472,10.42078972,5.082,1288.74235,7.0,179.0,18.27,2168.0,0.0
103,Libya,0.718,-99.9,-99.9,-99.9,-99.9,7.824037075,0.7361484379372707,-99.9,-99.9,-99.9,-99.9,-99.9,-99.9,13.56,-99.9,High,71.9112,12.85428,7.599985,15335.712,-27.0,117.0,33.5,-99.9,0.0
15,Liechtenstein,0.935,-99.9,-99.9,-99.9,-99.9,4.739531994,0.9270675469060837,-99.9,-99.9,-99.9,-99.9,-99.9,-99.9,-99.9,-99.9,Very high,83.2575,15.18157005,12.53854,146829.7006,-15.0,14.0,-99.9,-99.9,0.0
153,Zambia,0.565,0.39,30.973451327433622,-4.0,30.109644590000002,25.05299377,0.47531852563412036,20.43572,0.43215051372732777,44.84022,0.289233437466161,8.9,44.4,23.17,57.1,Medium,61.2234,10.92876021,7.187091494,3217.767739,7.0,154.0,13.12,2002.0,0.0
172,Madagascar,0.501,0.367,26.74650698602794,7.0,26.852639319999998,23.65509796,0.5224962878030788,29.34582,0.3195051429638395,27.557,0.2951312033242532,15.7,33.5,15.17,42.6,Low,64.4853,10.13499142,5.120468534,1483.520983,8.0,173.0,12.34,1938.0,0.0
168,Malawi,0.512,0.377,26.3671875,7.0,26.320420650000003,19.67700195,0.5301861596209878,28.00731,0.36129570856501425,31.27695,0.2787170262222621,17.9,31.0,28.04,38.5,Low,62.9044,12.67898523,4.489695385,1465.635064,13.0,169.0,20.34,2392.0,0.0
185,Mali,0.428,0.291,32.00934579439253,-2.0,31.077906170000002,32.81034851,0.40253216838964406,43.85965,0.15898693891154053,16.56372,0.3856605036088037,18.7,28.2,9.69,36.1,Low,58.9414,7.423037617,2.31,2132.629443,-11.0,186.0,23.68,2873.0,0.0
167,Lesotho,0.514,0.372,27.626459143968873,5.0,27.394297766666668,33.0491333,0.3405430084362154,19.55712,0.4302152181801978,29.57664,0.35062341979172124,13.5,32.9,14.46,44.9,Low,53.062,12.04087801,6.010184707,2700.435748,-2.0,168.0,19.89,2323.0,0.0
109,Jamaica,0.709,0.591,16.643159379407614,5.0,15.735666021666665,8.725048065,0.7091403777235508,6.51579,0.633367852621361,31.96616,0.46053332295284843,-99.9,-99.9,20.75,-99.9,High,70.5003,13.40492042,9.154628661,8834.47567,4.0,110.0,58.97,2792.0,0.0
156,Papua New Guinea,0.558,0.397,28.85304659498208,0.0,28.476125356666667,20.87701607,0.5520422761562859,35.65204,0.28686268267408066,28.89932,0.39642304536190437,15.1,31.0,16.66,41.9,Medium,65.3506,10.36077074,4.74,4008.623573,-4.0,157.0,73.0,-99.9,0.0
33,Poland,0.876,0.816,6.849315068493156,4.0,6.831017672666666,3.926383018,0.8344688321040261,4.45925,0.8446027701860527,12.10742,0.7700634181181775,21.5,24.0,14.87,30.2,Very high,76.4572,16.0271492,13.1647501,33033.96081,8.0,36.0,88.71,3537.0,0.0
173,The Gambia,0.5,0.348,30.400000000000006,4.0,29.271516816666665,23.34724045,0.4962735507911769,47.00005,0.22059184555723346,17.46726,0.38377662500777904,19.0,28.7,13.61,35.9,Low,62.083,9.418626299,4.637487411,2172.207664,-1.0,173.0,7.82,2533.0,0.0
140,Timor-Leste,0.607,0.44,27.51235584843492,-3.0,26.242573763333336,20.22848129,0.585853078693446,44.91179,0.29288941419435,13.58745,0.4957478571795936,22.8,24.0,15.66,28.7,Medium,67.7369,12.616098,5.43679,4460.869435,7.0,140.0,31.51,2287.0,0.0
161,Togo,0.539,0.372,30.983302411873847,-1.0,30.773721303333332,27.74024391,0.4626781065557147,37.72766,0.3281520979785666,26.85326,0.3398471567891558,15.7,32.9,13.85,42.4,Low,61.6194,12.95049378,5.016807367,2166.619062,12.0,163.0,12.58,2443.0,0.0
92,Tonga,0.745,0.666,10.604026845637582,11.0,10.432029661,8.745738983,0.715794211682224,4.30943,0.7899704021211821,18.24092,0.5215161818844355,18.2,29.7,-99.9,37.6,High,70.9857,16.04857063,11.392594,6822.03125,34.0,90.0,-99.9,-99.9,0.0
93,Turkmenistan,0.745,0.619,16.912751677852345,0.0,16.372041066666668,19.9665432,0.6065846506427569,2.94467,0.7204758896588799,26.20491,0.5427698916962808,-99.9,-99.9,19.87,-99.9,High,69.2644,13.21039963,11.26139,13020.7155,-1.0,93.0,60.22,2830.0,0.0
129,Tuvalu,0.641,0.541,15.600624024960997,8.0,15.498798143333332,14.37229443,0.5868343306068557,9.17696,0.5573547401446229,22.94714,0.4831773130244109,17.4,30.8,-99.9,39.1,Medium,64.5466,9.40443,10.57310772,6351.435899,-2.0,131.0,-99.9,-99.9,0.0
166,Uganda,0.525,0.396,24.571428571428566,9.0,24.419621520000003,20.4040966,0.52294263623328,27.91438,0.3409449551963667,24.94038796,0.3495073296997312,16.1,34.5,17.05,42.7,Low,62.7048,10.14986994,5.730941566,2181.43651,6.0,166.0,9.69,1981.0,0.0
76,Ukraine,0.773,0.726,6.080206985769731,18.0,5.9670983269999995,5.777312279,0.7483310816782929,3.59926,0.7581991319890171,8.524722702,0.6752788360441366,24.3,21.8,9.48,25.6,High,71.624,14.95656854,11.13142043,13255.50977,11.0,78.0,46.92,3102.0,0.0
20,United States of America,0.921,0.819,11.07491856677525,-5.0,10.638091575333334,5.946424961,0.8276454147378046,2.745849765,0.8834214413506325,23.222,0.7507638338166196,15.3,30.8,19.06,41.5,Very high,77.1982,16.28097916,13.68342972,64765.21509,-14.0,21.0,124.11,3782.0,0.0
58,Uruguay,0.809,0.71,12.237330037082828,-3.0,11.836419132333333,5.416339397,0.8066618424190256,6.54951,0.7167564127023356,23.543408,0.6190178447149206,16.0,29.9,14.66,40.2,Very high,75.4356,16.83259964,8.982549667,21268.88122,5.0,55.0,57.7,3202.0,0.0
100,Uzbekistan,0.727,-99.9,-99.9,-99.9,-99.9,8.517651558,0.7158367097719427,0.550110115,0.7390189889710924,-99.9,-99.9,-99.9,-99.9,16.92,-99.9,High,70.8616,12.47714043,11.89558983,7916.785725,18.0,107.0,34.41,3011.0,0.0
141,Vanuatu,0.607,-99.9,-99.9,-99.9,-99.9,14.0302496,0.6672442981430154,-99.9,-99.9,19.68256999,0.41605305323043357,19.9,24.7,-99.9,32.3,Medium,70.449,11.53531503,7.064846,3085.411633,23.0,142.0,36.03,2607.0,0.0
119,Venezuela,0.691,0.592,14.32706222865412,14.0,14.161839976666668,12.81492996,0.6780798702729453,8.67058997,0.6632750920253704,21.0,0.4622362583999556,-99.9,-99.9,20.75,-99.9,Medium,70.5536,12.81608,11.10727736,4810.882621,20.0,118.0,40.94,2120.0,0.0
114,Vietnam,0.703,0.602,14.366998577524893,14.0,14.328679066666666,13.1303072,0.7165827500799506,15.25479,0.5413398973054323,14.60094,0.5631256351308092,18.6,27.5,16.16,35.7,High,73.6181,12.9519325,8.370280266,7867.371345,6.0,113.0,63.34,3025.0,0.0
182,Yemen,0.455,0.307,32.52747252747253,1.0,31.543484429999996,26.68957329,0.4934739113866637,46.13765,0.19358592494451138,21.80323,0.3042631750073271,18.8,29.4,24.71,36.7,Low,63.7534,9.09871006,3.2,1314.270189,1.0,183.0,16.86,2154.0,0.0
159,Tanzania,0.549,0.418,23.861566484517315,8.0,23.69202603333333,21.7159481,0.5564273840948201,26.96013,0.3422520155284538,22.4,0.38477656087050416,17.4,33.1,18.15,40.5,Low,66.2007,9.221489906,6.37289871,2664.329096,7.0,160.0,9.6,2373.0,0.0
121,Tajikistan,0.685,0.599,12.554744525547456,19.0,12.34022282,16.51501846,0.6626678207032413,6.03825,0.6591184139307485,14.4674,0.4931915431636622,19.4,26.4,14.9,34.0,Medium,71.5942,11.65303618,11.3333938,4547.742427,23.0,126.0,16.47,2109.0,0.0
149,Syria,0.577,-99.9,-99.9,-99.9,-99.9,12.98532009,0.6969567962692859,-99.9,-99.9,-99.9,-99.9,-99.9,-99.9,21.24,-99.9,Medium,72.0627,9.164219856,5.1,4191.933893,-2.0,152.0,22.8,-99.9,0.0
171,Sudan,0.508,0.336,33.85826771653543,-1.0,33.47931715666667,24.98774147,0.5223934466461463,42.45021,0.20029225836068051,33.0,0.3619785416909823,19.9,27.8,15.36,34.2,Low,65.2667,7.945187858,3.82,3575.19084,-14.0,171.0,21.39,2578.0,0.0
42,Qatar,0.855,-99.9,-99.9,-99.9,-99.9,3.872181892,0.8765614744261744,11.22725944,0.6074135231933477,-99.9,-99.9,-99.9,-99.9,23.61,-99.9,Very high,79.2716,12.63722038,9.99601145,87134.13469,-39.0,42.0,90.5,-99.9,0.0
152,Republic of the Congo,0.571,0.432,24.34325744308231,5.0,24.30610437,20.98684311,0.529007672422899,20.93222,0.43333569632361124,30.99925,0.35058597866051805,12.4,37.9,20.52,48.9,Medium,63.5187,12.33081527,6.166,2889.283521,11.0,153.0,40.11,2285.0,0.0
74,Saint Kitts and Nevis,0.777,-99.9,-99.9,-99.9,-99.9,7.958518505,0.7318317315262906,-99.9,-99.9,-99.9,-99.9,-99.9,-99.9,-99.9,-99.9,High,71.6822,15.42769157,8.662745,23358.33212,-16.0,76.0,82.51,2582.0,0.0
106,Saint Lucia,0.715,0.559,21.818181818181802,-8.0,21.323412147333332,9.268698692,0.7134467436421095,27.30567775,0.4668622824017541,27.39586,0.5254977973335136,11.0,38.6,-99.9,51.2,High,71.1114,12.86610985,8.545040131,12048.30381,-7.0,104.0,90.9,2618.0,0.0
88,Saint Vincent and the Grenadines,0.751,-99.9,-99.9,-99.9,-99.9,9.120908737,0.6938842320308543,9.166052393,0.6982184023186234,-99.9,-99.9,-99.9,-99.9,-99.9,-99.9,High,69.6291,14.67220567,10.83343029,11961.08792,11.0,82.0,91.05,2968.0,0.0
110,Samoa,0.707,0.613,13.295615275813288,13.0,13.106588153333334,10.41972446,0.7272195676241461,7.02996,0.6741210981089941,21.87008,0.46874972018631517,17.9,31.3,-99.9,38.7,High,72.7675,12.41885948,11.4038,5307.953374,24.0,112.0,26.8,3030.0,0.0
110,Samoa,0.707,0.613,13.295615275813288,13.0,13.106588153333334,10.41972446,0.7272195676241461,7.02996,0.6741210981089941,21.87008,0.46874972018631517,17.9,31.3,-99.9,38.7,High,72.7675,12.41885948,11.4038,5307.953374,24.0,112.0,96.68,3030.0,0.0
104,Paraguay,0.717,0.582,18.828451882845187,-6.0,18.320464143333332,11.36716843,0.6853595062341338,13.15316,0.5698648261491301,30.441064,0.5060496739292688,14.9,33.3,20.75,43.5,High,70.2617,12.98799113,8.861840248,12349.286,-10.0,100.0,54.07,2768.0,0.0
43,San Marino,0.853,-99.9,-99.9,-99.9,-99.9,2.832036257,0.9100691688499385,5.562256324,0.6617958963585792,-99.9,-99.9,-99.9,-99.9,-99.9,-99.9,Very high,80.8786,12.26613998,10.80146027,52653.82534,-25.0,46.0,-99.9,-99.9,0.0
169,Senegal,0.511,0.354,30.72407045009785,2.0,29.549156670000002,18.12817001,0.5931626678441653,47.1353,0.1834005050421265,23.384,0.4062045165858777,18.0,30.5,13.18,38.1,Low,67.0926,8.963749886,2.937938258,3344.311825,-10.0,170.0,14.13,2545.0,0.0
180,Sierra Leone,0.477,0.309,35.22012578616353,0.0,34.15862985666667,35.11730957,0.39990096878197406,47.50289,0.21968128228607037,19.85569,0.3372736108401996,19.6,29.4,15.02,35.7,Low,60.0624,9.57339109,4.576081285,1621.512579,-1.0,181.0,8.23,2369.0,0.0
44,Slovakia,0.848,0.803,5.306603773584895,8.0,5.168764951333333,4.692834854,0.8051270721359037,1.74792,0.8189513767824562,9.06554,0.786607042848277,24.9,18.8,7.04,23.2,Very high,74.9101,14.51303959,12.91141987,30690.48552,1.0,40.0,59.35,2871.0,0.0
23,Slovenia,0.918,0.878,4.357298474945537,13.0,4.3712419339999995,2.748835802,0.908032623944969,2.05965,0.8983126196597053,8.30524,0.8289966200436174,24.8,20.7,8.02,24.4,Very high,80.6904,17.65492058,12.80368042,39746.01987,10.0,23.0,76.4,3191.0,0.0
154,Solomon Islands,0.564,-99.9,-99.9,-99.9,-99.9,12.07949352,0.681014659092784,-99.9,-99.9,-99.9,-99.9,18.4,29.2,-99.9,37.1,Medium,70.3477,10.32869027,5.711848,2481.511362,13.0,155.0,11.74,2415.0,0.0
194,Somalia,-99.9,-99.9,-99.9,-99.9,-99.9,38.33179855,0.3347188688640669,-99.9,-99.9,24.35,0.26515985161250843,-99.9,-99.9,12.44,36.8,n/a,55.2803,-99.9,-99.9,1017.96785,-99.9,-99.9,-99.9,-99.9,0.0
190,South Sudan,0.385,0.245,36.36363636363637,1.0,36.259866859999995,36.97409058,0.33912981340713594,39.55255,0.20844090869636464,32.25296,0.20859534913577513,12.5,33.2,15.53,44.1,Low,54.9752,5.54251,5.726140022,767.787,-1.0,191.0,-99.9,-99.9,0.0
137,Sao Tome and Principe,0.618,0.503,18.608414239482197,7.0,18.424810673333333,10.36841202,0.6562576661344272,18.69702,0.4702949283576829,26.209,0.4117763086971119,16.8,32.9,8.95,40.7,Medium,67.5912,13.36538506,6.215599435,4021.350815,13.0,139.0,14.18,2446.0,0.0
120,Iraq,0.686,0.554,19.241982507288625,4.0,18.802291553333333,13.98201466,0.6666777636399979,29.74591,0.42102076659258597,12.67895,0.6071374042465445,21.9,23.7,20.72,29.5,Medium,70.3779,12.08747317,7.905593489,9977.249073,-12.0,122.0,-99.9,2608.0,0.0
146,Zimbabwe,0.593,0.458,22.765598650927476,4.0,22.47084979,24.03850937,0.45872676736130047,14.60503,0.535238100550138,28.76901,0.39167838381333864,15.1,34.8,21.08,50.3,Medium,59.2531,12.11096904,8.710908501,3809.887158,9.0,145.0,17.67,1908.0,0.0
69,Barbados,0.79,0.657,16.835443037974684,-9.0,15.715723306333333,8.014942169,0.8147243936017896,5.54685,0.7224780554170331,33.58537775,0.48282492654200926,-99.9,-99.9,-99.9,-99.9,High,77.5714,15.71338458,9.852700596,12306.341,26.0,71.0,71.38,2956.0,0.0
174,Ethiopia,0.498,0.363,27.108433734939762,8.0,25.99192684,23.12960052,0.531881668082016,42.77036,0.21449822063042784,12.07582,0.4199196238600543,19.4,28.5,13.82,35.0,Low,64.9748,9.651071421,3.201520681,2361.069604,-5.0,175.0,5.4,2338.0,0.0
34,Bahrain,0.875,-99.9,-99.9,-99.9,-99.9,4.50674057,0.8632664108825406,12.56789221,0.7177561003539412,-99.9,-99.9,-99.9,-99.9,25.07,-99.9,Very high,78.7605,16.29755974,11.04658985,39497.24788,-1.0,35.0,70.7,-99.9,0.0
128,Bangladesh,0.661,0.503,23.903177004538577,0.0,23.137189393333333,15.54324818,0.6806057788859389,37.31177,0.3708505453813168,16.55655,0.5044678595619281,21.0,26.8,16.33,32.4,Medium,72.3811,12.44198036,7.379059792,5472.104781,4.0,128.0,4.04,2563.0,0.0
143,Eswatini,0.597,0.424,28.97822445561139,-3.0,28.60195229,23.79930687,0.43452800482286785,24.10655,0.4313182002079492,37.9,0.4072121450511471,10.5,42.7,19.33,54.6,Medium,57.0657,13.74434586,5.596,7678.591873,-21.0,141.0,25.75,2426.0,0.0
30,Estonia,0.89,0.829,6.853932584269673,7.0,6.647519601666667,2.925558805,0.8534127750570158,2.02737,0.8759590346565373,14.98963,0.7629584194653262,21.0,23.3,11.76,30.8,Very high,77.1436,15.92895985,13.54843044,38048.26372,8.0,30.0,63.64,3247.0,0.0
175,Eritrea,0.492,-99.9,-99.9,-99.9,-99.9,20.2650795,0.5708505097544461,-99.9,-99.9,-99.9,-99.9,-99.9,-99.9,13.82,-99.9,Low,66.5358,8.064524628,4.8872352,1728.742667,3.0,176.0,7.7,-99.9,0.0
144,Equatorial Guinea,0.596,-99.9,-99.9,-99.9,-99.9,30.0848732,0.4366393279780369,-99.9,-99.9,-99.9,-99.9,-99.9,-99.9,17.59,-99.9,Medium,60.5943,9.73494,5.910863,12073.95993,-47.0,147.0,-99.9,-99.9,0.0
124,El Salvador,0.675,0.548,18.814814814814817,5.0,18.608111709333333,9.549283028,0.706182144588209,23.7938081,0.4498803661665509,22.481244,0.5173697128691491,17.1,29.8,14.46,38.8,Medium,70.7479,12.67134767,7.150929928,8295.665889,-8.0,124.0,30.52,2696.0,0.0
186,Burundi,0.426,0.302,29.107981220657276,3.0,28.67465287,25.60641861,0.47683653282725436,39.48821,0.24335559550270663,20.92933,0.23772524008256807,17.9,31.0,14.74,38.6,Low,61.6627,10.72272189,3.129266883,731.7867086,4.0,187.0,5.2,-99.9,0.0
59,Belarus,0.808,0.765,5.321782178217827,10.0,5.255721394666667,3.349644184,0.7797155935814475,2.77203,0.8032722652600226,9.64549,0.7150543007899699,24.8,20.7,9.86,24.4,Very high,72.438,15.16996956,12.14358044,18848.96704,8.0,60.0,81.47,3270.0,0.0
94,Ecuador,0.74,0.604,18.37837837837838,0.0,17.764877842666667,8.870192528,0.7524518103111139,13.3739,0.6064975733696909,31.050541,0.48283436353993875,13.0,36.0,13.67,47.3,High,73.67,14.62423038,8.817119598,10311.63273,11.0,99.0,45.22,2606.0,0.0
79,Dominican Republic,0.767,0.618,19.426336375488916,-9.0,19.411904699999997,17.5623951,0.6672956318110062,15.04513,0.6049446311994385,25.628189,0.5833268184951921,16.9,30.5,20.75,39.6,High,72.6146,14.46655802,9.306864107,17989.60037,-11.0,82.0,55.25,2892.0,0.0
101,Dominica,0.72,-99.9,-99.9,-99.9,-99.9,8.952466011,0.7397822246300069,-99.9,-99.9,-99.9,-99.9,-99.9,-99.9,-99.9,-99.9,High,72.814,13.3191862,8.142186,11487.62422,0.0,106.0,55.03,2952.0,0.0
170,Djibouti,0.509,-99.9,-99.9,-99.9,-99.9,25.70430756,0.48354951370845484,-99.9,-99.9,27.74495175,0.427523518479666,15.8,32.3,15.86,41.6,Low,62.3049,7.43298,4.1,5024.993944,-32.0,171.0,15.04,2694.0,0.0
75,Iran,0.774,0.686,11.36950904392764,5.0,11.077224377666667,8.532962799,0.7581196126923314,4.984428444,0.7226196406497002,19.71428189,0.5903226169892726,16.3,31.7,18.2,40.9,High,73.8749,14.61524963,10.63645314,13000.7117,15.0,77.0,35.98,3087.0,0.0
122,Belize,0.683,0.535,21.669106881405565,1.0,20.66224130233333,9.247613907,0.7046531846765973,14.81278,0.5586580173362418,37.92633,0.38861983068070133,-99.9,-99.9,20.75,-99.9,Medium,70.4697,12.99168968,8.847599983,6309.099778,6.0,120.0,41.09,2775.0,0.0
178,Democratic Republic of the Congo,0.479,0.341,28.810020876826712,7.0,28.68733520666667,31.66004562,0.41206889723312917,26.76947,0.37104079337385815,27.63249,0.2597251438411426,15.5,32.0,14.63,42.1,Low,59.193,9.817864451,7.018696516,1076.098781,9.0,180.0,5.3,-99.9,0.0
158,CÃ´te d'Ivoire,0.55,0.358,34.909090909090914,-8.0,34.33598079666667,30.35745239,0.413551376217702,45.60904,0.2555551216676546,27.04145,0.43582813184313485,18.0,29.0,21.03,37.2,Medium,58.5983,10.67558002,5.199138977,5217.448516,-22.0,159.0,12.38,2778.0,0.0
165,Benin,0.525,0.334,36.38095238095238,-7.0,36.10987930333334,32.66172791,0.41253497429167535,43.69355,0.2491939463454823,31.97436,0.3626275330093933,18.1,29.9,17.51,37.8,Low,59.821,10.76667976,4.304786445,3408.965923,-7.0,166.0,20.24,2755.0,0.0
73,Bosnia and Herzegovina,0.78,0.677,13.205128205128203,0.0,12.977207443333333,3.98234725,0.8168930772878191,14.78890508,0.6259129774001663,20.16037,0.6062238401707418,19.8,25.1,8.88,33.0,High,75.3003,13.8,10.53631973,15241.91465,4.0,73.0,36.03,3307.0,0.0
155,Comoros,0.558,0.31,44.44444444444445,-21.0,43.06900853,25.57926559,0.497100737565036,47.61438,0.2622002539185396,56.01338,0.2290644377078998,13.6,33.7,14.15,45.3,Medium,63.4174,11.92432393,5.078649,3142.064119,6.0,156.0,13.4,-99.9,0.0
98,Fiji,0.73,-99.9,-99.9,-99.9,-99.9,15.23796844,0.6143812853719753,2.636659279,0.7530147732458814,-99.9,-99.9,21.3,24.2,-99.9,30.7,High,67.114,14.73679,10.92154799,9980.110866,9.0,94.0,43.85,2781.0,0.0
50,Brunei,0.829,-99.9,-99.9,-99.9,-99.9,7.503439903,0.7775744669914326,-99.9,-99.9,-99.9,-99.9,-99.9,-99.9,13.56,-99.9,Very high,74.6424,13.95178032,9.18,64489.53954,-42.0,49.0,-99.9,2985.0,0.0
117,Bolivia,0.692,0.549,20.664739884393047,-1.0,20.476084223333334,18.02205467,0.5502662378347741,16.54294,0.6199067824684504,26.863258,0.4856391358603083,14.5,32.6,20.75,43.6,Medium,63.6304,14.94697094,9.827750206,8111.190194,0.0,119.0,71.4,2412.0,0.0
54,Bahamas,0.812,-99.9,-99.9,-99.9,-99.9,8.739097595,0.724447295471371,6.917101819,0.725781801307695,-99.9,-99.9,-99.9,-99.9,20.75,-99.9,Very high,71.5983,12.89945,12.64192386,30486.18429,-8.0,58.0,67.05,2655.0,0.0
127,Cabo Verde,0.662,-99.9,-99.9,-99.9,-99.9,8.794361115,0.7584352233668066,27.38759118,0.40541681344177966,-99.9,-99.9,15.4,32.3,13.91,42.4,Medium,74.0518,12.55461444,6.287719287,6230.200199,2.0,127.0,32.18,2541.0,0.0
145,Cambodia,0.593,0.479,19.22428330522765,11.0,19.004506023333334,15.36655807,0.6456034258363316,27.30485,0.3548597592772222,14.34211,0.4798293233180527,-99.9,-99.9,18.56,-99.9,Medium,69.5835,11.46772,5.088,4078.697154,3.0,148.0,12.34,2492.0,0.0
39,Andorra,0.858,-99.9,-99.9,-99.9,-99.9,5.297909737,0.8795405639742906,10.00815435,0.6491007377198892,-99.9,-99.9,-99.9,-99.9,-99.9,-99.9,Very high,80.3684,13.30023874,10.55511952,51166.62661,-19.0,45.0,-99.9,-99.9,0.0
147,Angola,0.586,0.407,30.546075085324233,-2.0,30.412167566666668,28.1877327,0.4600779957047415,34.17144,0.34144851649399055,28.87733,0.4298536004200751,11.5,39.6,25.98,51.3,Medium,61.6434,12.1721,5.417390823,5465.617791,-14.0,149.0,23.49,2385.0,0.0
70,Antigua and Barbuda,0.788,-99.9,-99.9,-99.9,-99.9,4.746305943,0.8572363523866949,-99.9,-99.9,-99.9,-99.9,-99.9,-99.9,-99.9,-99.9,High,78.4968,14.18462641,9.293740746,16792.36595,2.0,71.0,72.05,2445.0,0.0
150,Cameroon,0.576,0.393,31.770833333333325,-6.0,31.729938353333335,28.48371506,0.44376845030753775,31.71699,0.3886473795324923,34.98911,0.35248049844689705,13.0,35.0,15.85,46.6,Medium,60.3334,13.10859922,6.15131,3620.932408,6.0,150.0,11.98,2733.0,0.0
45,Hungary,0.846,0.792,6.382978723404253,6.0,6.370349719666667,3.953909159,0.8057542981798176,2.86309,0.8022735988995299,12.29405,0.7674422260237047,21.4,23.3,12.27,30.0,Very high,74.5301,15.0336281,12.24958992,32789.01063,-2.0,44.0,79.73,3316.0,0.0
84,Armenia,0.759,0.688,9.354413702239794,13.0,9.136398122333333,7.035874367,0.7443294287278126,2.93495,0.7202528864333395,17.43837,0.6085566125061732,24.5,21.5,15.39,25.2,High,72.0431,13.11676025,11.33030033,13157.9939,4.0,87.0,45.64,2997.0,0.0
136,Honduras,0.621,0.479,22.866344605475042,4.0,22.2190672,10.1333456,0.6929811279731939,21.61233,0.40585194727859525,34.911526,0.39032064820372386,11.6,34.6,20.75,48.2,Medium,70.1229,10.13281417,7.088479996,5297.955301,-1.0,138.0,33.09,2673.0,0.0
107,Guyana,0.714,0.591,17.226890756302527,3.0,17.094938996666666,15.75936699,0.5919317119567591,10.42545,0.5683926834859577,25.1,0.6126037631082059,-99.9,-99.9,20.75,-99.9,High,65.6734,12.50272216,8.617477,22464.65734,-47.0,107.0,45.22,2913.0,0.0
162,Haiti,0.535,0.327,38.87850467289719,-12.0,38.11928169666667,26.58240509,0.48785878867548976,37.33677,0.2848531184177778,50.43867,0.2507256578799821,15.8,31.2,20.75,41.1,Low,63.1924,9.7,5.554,2847.500746,2.0,162.0,17.61,2121.0,0.0
181,Guinea,0.465,0.299,35.6989247311828,-4.0,34.33844766000001,35.05346298,0.3886021087829606,50.12411,0.17245764663314878,17.83777,0.39854462861284784,21.6,23.1,12.53,29.6,Low,58.8922,9.805297465,2.202125952,2480.887182,-13.0,182.0,13.05,2746.0,0.0
134,Guatemala,0.627,0.46,26.6347687400319,-3.0,26.126513556666666,13.86461067,0.6524662980558991,34.95493,0.31402333512277625,29.56,0.47547336257781425,13.1,38.1,20.75,48.3,Medium,69.2368,10.56245041,5.681300163,8723.285317,-20.0,133.0,36.39,2551.0,0.0
68,Grenada,0.795,-99.9,-99.9,-99.9,-99.9,9.633924484,0.7637490458095506,-99.9,-99.9,-99.9,-99.9,-99.9,-99.9,-99.9,-99.9,High,74.9362,18.66202035,9.032104,13483.5774,18.0,70.0,59.4,2402.0,0.0
187,Central African Republic,0.404,0.24,40.5940594059406,-3.0,40.13981347666667,36.02700043,0.3335916351577352,35.19785,0.23834539865455143,49.19459,0.1740606576910804,10.3,46.2,31.0,56.2,Low,53.8947,8.040171714,4.334,966.0586107,1.0,188.0,35.9,1786.0,0.0
189,Chad,0.394,0.251,36.29441624365482,1.0,35.99797977666667,38.55884933,0.3074458464618489,42.9329,0.17634436754255572,26.50219,0.2901167234547618,18.2,29.7,15.71,37.5,Low,52.5254,8.035914334,2.57377421,1364.169417,-7.0,190.0,26.48,2115.0,0.0
91,Azerbaijan,0.745,0.685,8.053691275167774,14.0,7.915732963333333,11.32313728,0.67347757994815,3.56506161,0.7004512562548936,8.859,0.682836129067915,-99.9,-99.9,14.31,-99.9,High,69.3658,13.49689007,10.5429697,14256.74456,-8.0,100.0,34.08,3149.0,0.0
111,Gabon,0.706,0.554,21.52974504249291,-3.0,21.463307383333333,19.69610405,0.5660930486653769,23.47992,0.5165213803446667,21.2138981,0.5826024017988577,16.8,27.7,11.02,38.0,High,65.821,12.97731,9.436,13366.93455,-25.0,113.0,59.21,2633.0,0.0
176,Guinea-Bissau,0.483,0.306,36.64596273291926,-5.0,36.50182102666667,29.51842308,0.4299625588469101,42.08704,0.2399128917704213,37.9,0.27661091081621525,19.4,27.6,17.08,34.8,Low,59.6523,10.61306278,3.583719,1908.24159,0.0,177.0,17.29,2229.0,0.0
11,Singapore,0.939,0.817,12.992545260915866,-15.0,12.409716635999999,2.261428118,0.9436208014106104,10.00732115,0.7707917098910336,24.96040064,0.7503959936,-99.9,-99.9,14.21,-99.9,Very high,82.7545,16.5243206,11.92488003,90918.64471,-10.0,10.0,71.1,-99.9,1.0
64,Serbia,0.802,0.72,10.224438902743149,5.0,9.933117503333333,4.10859251,0.7994732187877427,7.19484,0.7229505065211532,18.49592,0.6467903067101504,18.9,26.0,10.85,34.5,Very high,74.1923,14.40009022,11.36987019,19123.02747,4.0,62.0,53.49,2828.0,1.0
116,Botswana,0.693,-99.9,-99.9,-99.9,-99.9,21.56492996,0.4964445189244055,23.27683,0.5258337039873195,-99.9,-99.9,10.9,41.5,22.74,53.3,Medium,61.1409,12.26513765,10.34,16198.31841,-43.0,110.0,24.44,2342.0,1.0
71,Seychelles,0.785,0.661,15.796178343949041,-7.0,15.149497853666666,9.446657181,0.7145982220352609,6.65648,0.6814428123507991,29.34535638,0.5927822349625648,19.6,23.9,20.56,32.1,High,71.2945,13.94161034,10.28312,25830.61775,-17.0,69.0,35.6,-99.9,1.0
67,Bulgaria,0.795,0.701,11.82389937106919,2.0,11.371760909666667,5.180382729,0.7556102362158859,5.93179,0.7210094863623878,23.00311,0.6328918861618229,16.7,31.4,18.27,40.3,High,71.798,13.89729023,11.41318035,23078.95595,-8.0,64.0,58.32,2854.0,1.0
108,South Africa,0.713,0.471,33.94109396914446,-22.0,31.051126910000004,18.86325073,0.5285247847447799,17.29413,0.6269909621734716,56.996,0.315936582092031,7.2,50.5,21.93,63.0,High,62.341,13.64371014,11.37316036,12948.37325,-17.0,102.0,60.03,2899.0,1.0
19,South Korea,0.925,0.838,9.405405405405409,-3.0,9.264535208,2.827563286,0.9522569906647737,8.836042338,0.7986280824028388,16.13,0.7725703785806569,20.5,24.0,14.71,31.4,Very high,83.6978,16.52173996,12.51293027,44500.93187,9.0,20.0,70.71,3420.0,1.0
86,Brazil,0.754,0.576,23.607427055702924,-20.0,22.315800908666663,9.988456726,0.73048383266474,15.65257,0.5940316960387523,41.306376,0.4404384704293369,13.2,39.4,25.69,48.9,High,72.7504,15.59906006,8.128813955,14369.88848,-5.0,86.0,77.32,3301.0,1.0
113,Indonesia,0.705,0.585,17.021276595744684,4.0,16.867443086666665,13.23504257,0.6349900083742045,17.25001669,0.5520505573043833,20.11727,0.572202257697522,18.1,29.6,18.28,37.3,High,67.5703,13.74889386,8.556509972,11466.06836,-11.0,116.0,11.7,2884.0,1.0
72,Sri Lanka,0.782,0.676,13.554987212276215,-2.0,13.186386977333335,5.198720932,0.822570279736006,11.99693,0.6632660589870495,22.36351,0.5669690156766476,17.9,32.6,20.64,39.3,High,76.3991,14.13990486,10.82730007,12578.22055,21.0,75.0,9.04,2737.0,1.0
66,Albania,0.796,0.71,10.80402010050252,5.0,10.767684877333332,6.790634632,0.8096681712349594,12.33344,0.6816500216484526,13.17898,0.6493096372304081,21.0,23.8,8.91,30.8,High,76.4626,14.44799995,11.28645502,14131.11039,17.0,68.0,47.51,3360.0,1.0
90,Algeria,0.745,0.598,19.731543624161073,-7.0,19.07287475,12.43080425,0.7595172735444653,33.28262,0.4505283322550255,11.5052,0.625893552809942,23.1,22.9,9.91,27.6,High,76.3767,14.62689602,8.069284397,10800.22546,13.0,96.0,18.06,3322.0,1.0
46,Argentina,0.842,0.72,14.48931116389549,-6.0,13.837300834999999,7.624845505,0.787177010763477,5.78729,0.8178603634147832,28.099767,0.5803590693151355,14.3,30.3,21.7,42.3,Very high,75.3899,17.8748703,11.14726927,20925.26814,17.0,47.0,109.39,3307.0,1.0
17,United Kingdom,0.929,0.85,8.503767491926805,1.0,8.243507930666667,3.913083792,0.8979277971830119,2.84785,0.9012768105149771,17.96959,0.7576242336654596,18.6,26.7,12.65,35.1,Very high,80.7422,17.30971909,13.4061203,45224.76564,9.0,17.0,79.9,3344.0,1.0
17,United Kingdom,0.929,0.85,8.503767491926805,1.0,8.243507930666667,3.913083792,0.8979277971830119,2.84785,0.9012768105149771,17.96959,0.7576242336654596,18.6,26.7,12.65,35.1,Very high,80.7422,17.30971909,13.4061203,45224.76564,9.0,17.0,79.9,3344.0,1.0
25,United Arab Emirates,0.911,-99.9,-99.9,-99.9,-99.9,4.524926186,0.8623661190229948,12.63435527,0.751114633295865,-99.9,-99.9,23.0,20.0,15.83,26.0,Very high,78.7104,15.71769047,12.69402981,62573.59181,-15.0,25.0,62.03,3314.0,1.0
4,Australia,0.951,0.876,7.886435331230279,-6.0,7.640183183,2.73797965,0.9655350394021961,3.056569899,0.8959776785411915,17.126,0.7760600557912021,19.5,26.6,11.28,34.3,Very high,84.5265,21.05459023,12.72681999,49238.43335,18.0,5.0,121.61,3391.0,1.0
24,Austria,0.916,0.851,7.096069868995636,9.0,6.904079794666667,3.256919384,0.9165245971398608,2.52241,0.8317001185575643,14.93291,0.8075479186538365,21.2,23.2,10.09,30.2,Very high,81.5797,16.00795937,12.25669003,53618.67138,-8.0,23.0,87.23,3695.0,1.0
47,Turkey,0.838,0.717,14.439140811455854,-7.0,14.195660998333333,5.864824295,0.8114799721804371,13.64287582,0.6802966573546824,23.07928288,0.6666732947608066,15.5,31.6,18.84,41.9,Very high,76.0324,18.3382206,8.63313961,31032.80106,-3.0,48.0,38.87,3711.0,1.0
97,Tunisia,0.731,0.588,19.56224350205199,-7.0,19.18297336033333,9.956520081,0.7448936919779194,30.70285,0.4685892643237766,16.88955,0.581339694671725,20.1,25.6,10.91,32.8,High,73.7719,15.42538224,7.431598614,10257.54477,10.0,94.0,28.36,3450.0,1.0
56,Trinidad and Tobago,0.81,-99.9,-99.9,-99.9,-99.9,10.87518406,0.7263110327194071,-99.9,-99.9,-99.9,-99.9,-99.9,-99.9,20.75,-99.9,Very high,72.9709,14.53545292,11.61062419,23392.02084,1.0,56.0,68.66,2991.0,1.0
65,Thailand,0.8,0.686,14.249999999999996,-2.0,14.167983642333333,6.868660927,0.8412682809548961,16.84539,0.6079240153108559,18.7899,0.6302386837035631,19.0,27.0,17.76,35.0,Very high,78.7154,15.88221913,8.697119713,17030.15352,6.0,64.0,27.37,2804.0,1.0
12,Belgium,0.937,0.874,6.723585912486662,1.0,6.587387026333334,3.582081079,0.9178793045441358,5.87561,0.8589063926704895,10.30447,0.8480950878381355,23.2,22.3,8.63,27.2,Very high,81.8787,19.60421944,12.37567997,52293.39977,7.0,16.0,65.78,3769.0,1.0
0,Switzerland,0.962,0.894,7.0686070686070686,-3.0,6.899906359666667,3.103429079,0.9538677327440326,2.01457,0.9017896244663751,15.58172,0.8296716970271278,19.9,25.8,11.46,33.1,Very high,83.9872,16.50029945,13.85966015,66933.00454,5.0,3.0,67.54,3354.0,1.0
6,Sweden,0.947,0.885,6.546990496304117,0.0,6.4165548626666675,2.610124588,0.9436824215440954,3.8679,0.8847267953741277,12.77164,0.8301875004434117,21.9,22.7,10.54,29.3,Very high,82.9833,19.41852951,12.60972023,54489.37401,9.0,9.0,77.07,3184.0,1.0
99,Suriname,0.73,0.532,27.123287671232877,-18.0,25.349684673333332,10.98505402,0.6884867844126636,18.36769,0.5616258557664925,46.69631,0.38986916259732957,-99.9,-99.9,20.75,-99.9,High,70.2743,13.03564357,9.77680063,12672.20033,-6.0,92.0,42.4,2698.0,1.0
126,Bhutan,0.666,0.471,29.27927927927929,-6.0,27.701384979999997,14.92243862,0.6781990527545692,48.22657529,0.27942289203181775,19.95514103,0.5498223712387398,17.5,27.9,14.17,37.4,Medium,71.815,13.22500478,5.170262283,9437.541512,-15.0,125.0,3.0,-99.9,1.0
26,Spain,0.905,0.788,12.928176795580104,-12.0,12.643022653666668,2.883327961,0.9414340777195985,15.73379,0.7172782101050731,19.31195,0.7251403047613061,18.5,24.9,12.38,34.3,Very high,83.01,17.91690063,10.60540009,38353.60164,10.0,27.0,100.26,3322.0,1.0
183,Burkina Faso,0.449,0.315,29.84409799554566,5.0,29.275306110000002,31.36138916,0.41467858342191755,39.15279412,0.19741630944463281,17.31173505,0.3813382777050023,14.1,37.5,14.56,47.3,Low,59.2696,9.142100334,2.114962259,2117.915916,-8.0,185.0,12.0,2737.0,1.0
87,Colombia,0.752,0.589,21.675531914893618,-14.0,20.577433441,9.370814323,0.7366005580987137,14.64929,0.5945668359552478,37.712196,0.4675039751994316,10.2,42.2,19.89,54.2,High,72.8296,14.44274998,8.862859726,14384.35666,-7.0,88.0,55.91,3114.0,1.0
14,Canada,0.936,0.86,8.119658119658125,1.0,7.901529772333334,4.106589317,0.9243608440706753,2.521,0.8934917551259851,17.077,0.7701781684145677,19.5,25.3,13.91,33.3,Very high,82.6565,16.39625931,13.83442722,46807.98619,9.0,15.0,82.63,3566.0,1.0
63,Mauritius,0.802,0.666,16.957605985037404,-11.0,16.91017719666667,10.63656712,0.7362886954730732,21.91298205,0.6005547252539314,18.18098242,0.6667532262927431,18.8,29.9,15.89,36.8,Very high,73.5552,15.17352977,10.42791048,22025.34631,-1.0,62.0,50.9,3051.0,1.0
10,Finland,0.94,0.89,5.319148936170204,6.0,5.224387065,2.774231195,0.9279541488771493,2.41555,0.9066772933788445,10.48338,0.838849477728277,23.1,23.0,10.88,27.7,Very high,82.0381,19.05192947,12.87362003,49452.16672,11.0,12.0,76.7,3343.0,1.0
27,France,0.903,0.825,8.637873754152835,2.0,8.485328055333333,3.816274166,0.9248257606390768,7.72173,0.7624272020702528,13.91798,0.7970765094206758,20.9,26.7,9.84,32.4,Very high,82.4988,15.81206989,11.61005974,45937.05273,-2.0,28.0,83.05,3502.0,1.0
89,Maldives,0.747,0.594,20.481927710843372,-9.0,19.766298611666667,4.133515835,0.8837149494608157,29.31948,0.4205885500259466,25.8459,0.5645588188738526,22.1,23.3,13.26,29.3,High,79.9182,12.63560963,7.322,15448.12788,-14.0,97.0,20.61,2235.0,1.0
61,Malaysia,0.803,-99.9,-99.9,-99.9,-99.9,6.002527237,0.7936842915964947,12.06360206,0.6379568755391525,-99.9,-99.9,15.9,31.3,14.87,41.1,Very high,74.8839,13.34304047,10.64505959,26657.94355,-8.0,61.0,52.9,2845.0,1.0
62,Georgia,0.802,0.706,11.97007481296759,-2.0,11.411613719,6.600036144,0.7428027279341638,2.784805013,0.8359206086281937,24.85,0.5662287906839207,19.0,26.2,21.11,34.5,Very high,71.694,15.56851959,12.82221985,14664.16825,17.0,64.0,31.83,2835.0,1.0
8,Germany,0.942,0.883,6.2632696390658165,1.0,6.177129593,3.408158779,0.9009804603712849,2.6632,0.9171100269649559,12.46003,0.8332619977786453,20.8,25.1,12.77,31.7,Very high,80.6301,17.01013947,14.09096691,54534.21682,6.0,7.0,87.79,3554.0,1.0
35,Lithuania,0.875,0.8,8.571428571428562,2.0,8.316025070666667,4.317045212,0.7907842922318213,3.57741,0.8700205264583526,17.05362,0.7440485934746194,19.0,27.5,10.95,35.3,Very high,73.7201,16.28506088,13.49810028,37931.30359,5.0,34.0,81.28,3411.0,1.0
85,Mexico,0.758,0.621,18.07387862796834,-3.0,17.59461132266667,9.496991158,0.6991385280124143,13.48795481,0.62311983386168,29.798888,0.5500629804935636,14.3,35.5,28.42,45.4,High,70.2127,14.86443996,9.221050262,17896.29498,-16.0,88.0,64.88,3157.0,1.0
132,Ghana,0.632,0.458,27.531645569620256,-6.0,27.33194806333333,22.75168419,0.5204801369577345,35.10167,0.3973876909769435,24.14249,0.46417277660361284,14.3,32.2,15.23,43.5,Medium,63.7954,12.04778004,8.329886695,5744.504017,-2.0,135.0,13.73,3035.0,1.0
49,Kuwait,0.831,-99.9,-99.9,-99.9,-99.9,5.555344582,0.8525141265961188,22.10817735,0.5218332467047012,-99.9,-99.9,-99.9,-99.9,19.38,-99.9,Very high,78.6729,15.32443332,7.328022618,52919.76137,-32.0,54.0,67.12,3471.0,1.0
3,Hong Kong,0.952,0.828,13.025210084033612,-19.0,12.429978021666669,2.05559516,0.9794440484,9.671619265,0.801654874419992,25.56271964,0.7240643016086523,-99.9,-99.9,17.85,-99.9,Very high,85.4734,17.27816963,12.22620964,62606.8454,6.0,4.0,137.08,3267.0,1.0
2,Iceland,0.959,0.915,4.588112617309692,2.0,4.556437474333333,1.954472423,0.9454334133194956,2.20077,0.9378023567963795,9.51407,0.8643958632970039,23.9,22.1,8.78,26.1,Very high,82.6782,19.16305923,13.76716995,55782.04981,11.0,2.0,91.02,3654.0,1.0
18,Japan,0.925,0.85,8.108108108108114,2.0,7.894689109333332,2.510178328,0.9716570551102586,4.511,0.8291879166930088,16.662889,0.7611998321622496,20.5,26.4,13.11,32.9,Very high,84.7839,15.22162588,13.36610034,42274.29134,12.0,19.0,49.33,2705.0,1.0
131,India,0.633,0.475,24.96050552922592,-2.0,24.393810273333333,16.93670082,0.6036759447082098,36.87573,0.34824873290213165,19.369,0.5101054563707209,19.8,30.1,21.73,35.7,Medium,67.2398,11.87462044,6.655109195,6589.980037,-6.0,130.0,3.78,2533.0,1.0
29,Italy,0.895,0.791,11.620111731843574,-7.0,11.221309115000002,2.737157345,0.9404598636054279,10.05442,0.7274329281798559,20.87235,0.7243382122710575,18.3,25.9,8.71,35.2,Very high,82.8502,16.22678947,10.7401104,42839.51441,0.0,32.0,80.96,3503.0,1.0
21,Israel,0.919,0.815,11.316648531011975,-8.0,10.868130240666666,3.198390722,0.9271360285541369,6.272,0.8348230501764445,23.134,0.7000128347046591,16.1,27.6,16.55,38.6,Very high,82.255,16.05088997,13.3448664,41523.74319,10.0,22.0,97.02,3528.0,1.0
7,Ireland,0.945,0.886,6.24338624338624,2.0,6.161783203,2.825729609,0.9268571609220095,3.39666,0.8559771764409734,12.26296,0.8773704,21.8,25.1,11.8,30.6,Very high,81.9976,18.94522095,11.58222303,76168.98443,-3.0,8.0,76.85,3885.0,1.0
32,Greece,0.887,0.791,10.822998872604284,-4.0,10.662714364000001,3.612533092,0.8913705335876962,11.73784,0.7769579738025728,16.63777,0.7139816239131734,19.6,24.9,10.8,33.1,Very high,80.1106,20.02878952,11.40853024,29002.48545,17.0,33.0,71.7,3382.0,1.0
123,Morocco,0.683,0.504,26.207906295754036,-4.0,25.097691306666665,10.91862392,0.7406348950735003,41.87093,0.3431409030238218,22.50352,0.5022987152943079,17.4,31.9,15.14,39.5,Medium,74.0419,14.15190983,5.916,7302.81917,1.0,122.0,35.12,3412.0,1.0
96,Egypt,0.731,0.519,29.00136798905608,-21.0,28.03942983,10.67237949,0.690168558668701,36.94291,0.4426981003501509,36.503,0.4570274437226514,21.8,26.9,19.93,31.5,High,70.2207,13.78649972,9.573026174,11731.69056,4.0,97.0,26.29,3292.0,1.0
9,Netherlands,0.941,0.878,6.695005313496272,1.0,6.6979453520000005,3.334346056,0.9173912606984169,4.86674,0.8746434514101616,11.89275,0.8421428151389985,22.3,23.9,6.92,29.2,Very high,81.6873,18.69316522,12.58162975,55979.411,3.0,10.0,75.82,3297.0,1.0
164,Rwanda,0.534,0.402,24.71910112359551,11.0,24.64764153,19.39137459,0.5713564171714772,27.35907,0.33377137669279694,27.19248,0.3404412221986563,15.8,35.6,19.89,43.7,Low,66.0722,11.23097038,4.425292358,2209.795202,6.0,165.0,9.08,2188.0,1.0
51,Russia,0.822,0.751,8.63746958637469,1.0,8.408886355,5.545659065,0.7181290884102715,2.036,0.846178077356311,17.645,0.6972185096696227,19.1,29.0,20.97,36.0,Very high,69.419,15.76636982,12.77428805,27166.30891,-1.0,49.0,76.62,3345.0,1.0
52,Romania,0.821,0.733,10.71863580998782,1.0,10.409186177333334,4.896038532,0.7927968647623292,5.43438,0.7292071614348832,20.89714,0.6816502181506474,17.8,24.5,14.41,34.8,Very high,74.1847,14.22990036,11.27511978,30027.29131,-4.0,53.0,63.92,3581.0,1.0
41,Chile,0.855,0.722,15.555555555555555,-8.0,14.973030491333331,4.907827854,0.8623177613673463,11.73821662,0.7319172109342384,28.273047,0.5963278589436004,15.0,35.8,27.07,44.9,Very high,78.9435,16.73130035,10.9349663,24563.24486,14.0,43.0,83.17,3029.0,1.0
78,China,0.768,0.651,15.234375,-3.0,14.778059608333331,5.263178825,0.8484148732879342,11.68,0.5730068392635733,27.391,0.5665015861263647,17.4,29.5,14.0,38.2,High,78.2107,14.2361149,7.600118446,17504.39969,-8.0,82.0,60.6,3206.0,1.0
37,Portugal,0.866,0.773,10.739030023094687,-4.0,10.569893086333332,3.195029259,0.9091371808315118,13.05276,0.6850079693328205,15.46189,0.7411387624965826,20.4,26.0,9.59,32.8,Very high,81.0443,16.87122917,9.575940132,33154.53343,3.0,39.0,94.07,3480.0,1.0
115,Philippines,0.699,0.574,17.882689556509302,2.0,17.523781663333335,14.38008499,0.6489515355151791,10.0958,0.5966015178239388,28.09546,0.4877864323998418,16.1,33.5,16.88,42.3,Medium,69.2664,13.12656975,8.969099998,8920.428468,-3.0,113.0,37.04,2662.0,1.0
83,Peru,0.762,0.635,16.666666666666664,-3.0,16.422134383666666,8.638419151,0.7361902129184599,14.32733,0.648502992226289,26.300654,0.5352356663534742,14.4,32.9,21.21,43.8,High,72.3769,15.38773354,9.885518863,12245.89366,13.0,85.0,24.41,2775.0,1.0
57,Costa Rica,0.809,0.664,17.923362175525337,-17.0,16.960651333666664,5.891644001,0.8255937855080273,11.57677,0.6658918301607827,33.41354,0.532789411377241,12.1,37.0,19.13,49.3,Very high,77.0232,16.54577065,8.804059982,19974.27358,8.0,57.0,53.56,3029.0,1.0
40,Croatia,0.858,0.797,7.109557109557107,4.0,6.984191534,3.756904602,0.8525716815776921,4.24197,0.7911049876673304,12.9537,0.7505599120763053,21.7,22.2,10.24,28.9,Very high,77.5804,15.11209965,12.19108434,30132.28814,8.0,41.0,75.3,3074.0,1.0
82,Cuba,0.764,-99.9,-99.9,-99.9,-99.9,4.628062248,0.7876680303302833,9.09712,0.7433921669669408,-99.9,-99.9,-99.9,-99.9,16.68,-99.9,High,73.6829,14.44305992,12.49773438,7878.847482,37.0,73.0,55.48,3344.0,1.0
28,Cyprus,0.896,0.819,8.59375000000001,2.0,8.399155342333332,2.644016027,0.9166934605991863,9.5209,0.7684810690312338,13.03255,0.7810060242710946,21.3,25.5,11.49,31.2,Very high,81.2033,15.64826965,12.44017029,38188.42152,9.0,29.0,72.83,3019.0,1.0
160,Pakistan,0.544,0.38,30.147058823529417,0.0,29.21919322333333,26.89546967,0.5184562044152778,43.52795,0.22121272617027005,17.23416,0.47930912211070104,22.7,25.5,16.82,29.6,Low,66.0979,8.658349991,4.536330223,4623.70543,-19.0,161.0,16.87,2486.0,1.0
31,Czech Republic,0.889,0.85,4.386951631046121,14.0,4.378451582666667,3.112524748,0.8604844980907742,1.25563,0.8684801378274236,8.7672,0.8213055625943588,24.6,21.5,10.04,25.3,Very high,77.7283,16.21968079,12.86931038,38745.21386,4.0,30.0,82.79,3277.0,1.0
1,Norway,0.961,0.908,5.515088449531735,0.0,5.435151510666667,2.541614532,0.9481036616684563,2.3324,0.9116824340447893,11.43144,0.8658390101651616,22.9,22.4,8.88,27.7,Very high,83.2339,18.18519974,13.00362968,64660.10622,6.0,1.0,67.47,3371.0,1.0
77,North Macedonia,0.77,0.686,10.909090909090901,7.0,10.646825405,4.415046215,0.7917595829561658,8.36817,0.6591946197575874,19.15726,0.6191386480545528,18.5,23.0,6.52,33.0,High,73.8415,13.62443234,10.22815037,15917.75283,-3.0,79.0,36.62,3072.0,1.0
191,North Korea,-99.9,-99.9,-99.9,-99.9,-99.9,10.96100235,0.729907456966373,-99.9,-99.9,-99.9,-99.9,-99.9,-99.9,14.76,-99.9,n/a,73.2845,10.78317,-99.9,-99.9,-99.9,-99.9,13.67,2019.0,1.0
5,Denmark,0.948,0.898,5.2742616033755185,3.0,5.1869137216666665,3.006301165,0.91584882524735,2.50376,0.9086808886605784,10.05068,0.8699974602896611,23.5,23.5,12.91,27.7,Very high,81.3753,18.71479988,12.96049023,60364.78595,6.0,5.0,70.83,3401.0,1.0
13,New Zealand,0.937,0.865,7.684098185699051,0.0,7.486808253666666,4.170894623,0.9207157244047139,1.840131778,0.9143490211215581,16.44939836,0.768363786821576,-99.9,-99.9,11.87,-99.9,Very high,82.4513,20.28388977,12.94468975,44057.31394,16.0,13.0,100.9,3191.0,1.0
36,Saudi Arabia,0.875,-99.9,-99.9,-99.9,-99.9,5.103935719,0.8312311255235411,18.11940114,0.6756997649399277,-99.9,-99.9,-99.9,-99.9,20.98,-99.9,Very high,76.936,16.13549042,11.31052971,46111.55135,-10.0,38.0,54.13,3307.0,1.0
16,Luxembourg,0.93,0.85,8.602150537634412,0.0,8.413193197,3.870309591,0.9262273141104828,4.71707,0.7944577039863453,16.6522,0.8334779999999999,19.1,25.8,10.37,34.2,Very high,82.6287,14.39813995,13.01519217,84649.47467,-13.0,17.0,80.08,3465.0,1.0
